{
  "full": {
    "coherence": [
      0.6284156445057894,
      0.6415853466274161,
      0.6324686261441477,
      0.6587136606942057,
      0.7074378244416563,
      0.6843793595899893,
      0.6866116573413212,
      0.6761474619300484,
      0.6234147733811176,
      0.6591692557558417,
      0.7062199327606162,
      0.6550045859872453,
      0.6336012540444259,
      0.669763752465262,
      0.6825096456873365,
      0.6693729917657256,
      0.6679087815255943,
      0.6667272147364981,
      0.6608911231123514,
      0.6596828757974751,
      0.6652045502430863,
      0.649281203496356,
      0.6817627277431741,
      0.6546587105741855,
      0.6348991365812253,
      0.6584453135694013,
      0.6789672474686795,
      0.638529059808619,
      0.6876649650632829,
      0.6471903996661031,
      0.8727025669068098,
      0.6724315900355577,
      0.6617999423756669,
      0.629641831585867,
      0.6531525552824692,
      0.6580835874444999,
      0.6479839415341202,
      0.6871438748561419,
      0.6534932656834523,
      0.7242688940786239,
      0.6677046362776309,
      0.7159799342721933,
      0.7457391350896972,
      0.6686396458063999,
      0.6780881955468607,
      0.7223477126900857,
      0.6899670643603321,
      0.6189970741193535,
      0.6433980673374164,
      0.6871506686546599
    ],
    "efficiency": [
      89.64059196617336,
      100.0,
      94.2275975810885,
      92.92929292929293,
      100.0,
      100.0,
      100.0,
      100.0,
      100.0,
      100.0,
      90.63953488372093,
      100.0,
      100.0,
      92.06552341950346,
      100.0,
      93.68921547438946,
      94.41624365482234,
      100.0,
      100.0,
      100.0,
      100.0,
      100.0,
      91.09102646868948,
      88.93666927286942,
      100.0,
      92.78307756117793,
      92.91262135922331,
      86.9983136593592,
      100.0,
      93.52226720647774,
      100.0,
      100.0,
      91.02981029810297,
      100.0,
      100.0,
      95.23364485981308,
      100.0,
      100.0,
      100.0,
      90.39250146455771,
      100.0,
      100.0,
      100.0,
      100.0,
      100.0,
      100.0,
      88.0503144654088,
      95.32790398628376,
      100.0,
      92.51992642550583
    ],
    "num_chunks": [
      8,
      3,
      5,
      4,
      3,
      3,
      2,
      3,
      2,
      2,
      3,
      4,
      3,
      5,
      6,
      8,
      4,
      5,
      3,
      3,
      2,
      2,
      6,
      11,
      2,
      7,
      3,
      17,
      2,
      3,
      2,
      2,
      10,
      2,
      3,
      5,
      2,
      2,
      3,
      3,
      2,
      2,
      2,
      2,
      2,
      2,
      6,
      4,
      3,
      3
    ],
    "boundary_jumps": []
  },
  "no_semantic": {
    "coherence": [],
    "efficiency": [
      91.99655765920826,
      100.0,
      94.35483870967742,
      95.87988826815642,
      100.0,
      100.0,
      100.0,
      100.0,
      100.0,
      100.0,
      92.77745155607751,
      100.0,
      100.0,
      93.34357398873529,
      100.0,
      94.43843323955853,
      94.4331983805668,
      100.0,
      100.0,
      100.0,
      100.0,
      100.0,
      92.04197638828158,
      91.82634329358167,
      100.0,
      94.33487201007134,
      94.24670892247684,
      90.89550927146497,
      100.0,
      93.38452451269936,
      100.0,
      100.0,
      91.57894736842105,
      100.0,
      100.0,
      100.0,
      100.0,
      100.0,
      100.0,
      93.16502463054186,
      100.0,
      100.0,
      100.0,
      100.0,
      100.0,
      100.0,
      92.02252463632098,
      95.35181236673775,
      100.0,
      92.45516388373531
    ],
    "num_chunks": [
      7,
      3,
      5,
      3,
      3,
      3,
      2,
      3,
      2,
      2,
      3,
      4,
      3,
      5,
      6,
      8,
      4,
      5,
      3,
      3,
      2,
      2,
      6,
      9,
      2,
      6,
      3,
      13,
      2,
      3,
      2,
      2,
      9,
      2,
      3,
      4,
      2,
      2,
      3,
      3,
      2,
      2,
      2,
      2,
      2,
      2,
      5,
      4,
      3,
      3
    ],
    "boundary_jumps": []
  },
  "no_overlap": {
    "coherence": [],
    "efficiency": [
      98.83805374001452,
      100.0,
      100.0,
      99.40231602540157,
      100.0,
      100.0,
      100.0,
      100.0,
      100.0,
      100.0,
      96.98360655737704,
      100.0,
      100.0,
      97.77206512425022,
      100.0,
      99.58942776494739,
      96.4951950254381,
      100.0,
      100.0,
      100.0,
      100.0,
      100.0,
      97.81234807972777,
      98.62993298585256,
      100.0,
      98.95736793327154,
      99.36068193926478,
      97.70014556040756,
      100.0,
      98.90534449452673,
      100.0,
      100.0,
      98.194674289153,
      100.0,
      100.0,
      100.0,
      100.0,
      100.0,
      100.0,
      97.57281553398059,
      100.0,
      100.0,
      100.0,
      100.0,
      100.0,
      100.0,
      98.83990719257541,
      100.0,
      100.0,
      99.2743105950653
    ],
    "num_chunks": [
      6,
      3,
      4,
      3,
      3,
      3,
      2,
      3,
      2,
      2,
      3,
      4,
      3,
      5,
      6,
      7,
      4,
      5,
      3,
      3,
      2,
      2,
      5,
      8,
      2,
      6,
      3,
      12,
      2,
      3,
      2,
      2,
      9,
      2,
      3,
      4,
      2,
      2,
      3,
      3,
      2,
      2,
      2,
      2,
      2,
      2,
      5,
      3,
      3,
      3
    ],
    "boundary_jumps": []
  }
}