{
  "SummaC": 0.07216374715507394,
  "FactCC": 0.6431665498284312,
  "QAGS": 0.6137734487734487,
  "QAFactEval": 0.4827014652014651,
  "BARTScore": 0.4817715227603913,
  "BERTScore": 0.6218353658914566,
  "UniEval": 0.9,
  "AlignScore": 0.0
}