{
  "SummaC (NLI)": 0.07216374715507394,
  "FactCC": 0.6431665498284312,
  "QAGS (QA)": 0.6137734487734487
}